category,core_keyword,extend_keyword
出入境政策,"签证,入境管制,出境禁令,边境管控,移民政策","口岸新规,居留许可,驱逐出境,免签政策"
反华动向,"反华法案,反华游行,对华指责,排华议案","议会反华提案,海外反华团体,反华集会示威"
暴乱爆炸事件,"骚乱,爆炸,示威暴动,街头冲突","城市暴乱,恐怖袭击,民众抗议暴力事件"
域外国别动向,"日本,韩国,东南亚,非洲,欧盟,欧美各国政局","内阁改组,地方政策,邻国对外表态,区域政局变动"
涉外法务条约,"双边条约,涉外法案,国际仲裁,涉外司法","域外管辖,国际公约,跨国司法协作"
舆情合集热点,"国际热搜,公共热点,海内外热议,社会大事件","全球热点话题,社交媒体热门讨论,突发公共事件"
节日重要节点,"重大纪念日,国内节庆,海外纪念节点","敏感纪念日,历史事件周年,特殊时间窗口"
行动线索活动,"集会,游行,线下串联,民间组织活动","海外团体发起活动,跨国联动集会,线下请愿"
多边国际峰会,"金砖,G20,APEC,上合组织,东盟峰会","领导人会晤,多边外长会议,国际合作论坛"
间谍与领导人变动,"高层人事更迭,间谍案件,情报人员,官员更替","内阁换届,谍报案件,叛国泄密,驻外人事变动"
台海南海地缘动态,"台海,南海,军售,窜访,岛礁,海峡,军演","域外势力介入台海南海,周边国家海域争端"
经贸与科技制裁,"芯片管制,实体清单,脱钩断链,关税壁垒","投资限制,出口管制,产业链转移,技术封锁"
NGO及宗教渗透,"境外NGO,海外基金会,境外宗教团体","海外资助项目,地下教会,民间智库渗透"
认知作战虚假舆论,"认知战,虚假叙事,深度伪造,舆论造势","境外媒体刻意抹黑,社交平台带节奏,议题刻意放大炒作"
跨境安全犯罪,"跨境电诈,贩毒,走私,偷渡,洗钱,跨境赌博","缅北犯罪集团,海上走私通道,跨国人口贩运"
海外侨民华人安全,"华人遇袭,排华事件,侨民遇险,华人社团","海外华人权益,当地排华思潮,华人集会维权"
全球军备军演动态,"军备采购,联合军演,武器试验,国防预算","域外大国亚太部署,导弹试验,海外军事基地调整"
能源粮食供应链风险,"原油,天然气,粮食出口,矿产供应链","粮食禁运,能源价格波动,关键矿产出口管制"
